,post date,title,company,estimated salary,salary,summary
0,Just posted,Junior .Net Developer,Boostability,Estimated $86.6K – $110K a year,,Boostability is looking for a Junior Software Developer who loves technology and takes pride in creating good code.Good understanding of the Microsoft .
1,1 day ago,Junior Developer,i3 Verticals,Estimated $69.6K – $88.2K a year,,Provides general support on software applications.The Junior Developer will handle basic issues and provide general support on our proprietary software…
2,Today,Junior SQL Database Developer,"Jefferson Capital Systems, LLC",,"$50,000 - $70,000 a year",Experience working in agile software development environments preferred.Write and maintain software and process documentation.401(k) with company matching.
3,Today,Junior Developer,Stage Front Tickets Inc,,"$65,000 - $80,000 a year","Experience with version control software (Git, GitHub).Stage Front is a leader in the event ticket sales industry, building tools and creating services to…"
4,Just posted,Jr. Website Developer,Northern Web Development LLC,,$10 - $14 an hour,Create and maintain team tool and software documentation.You do at time interact with clients by email and phone and must be able to provide superior client…
5,Today,C# Developer - Junior,Candid8,,$35 - $45 an hour,"Ability to quickly learn new concepts and software is necessary.Strong familiarities with software development methodologies (Agile, Test driven development)…"
6,Just posted,Junior Software Support Engineer,Spillover Software Group,,"$40,000 - $45,000 a year","Familiarity with help desk and remote support software (eg. Zoho Desk, Zoho Assist).The role will focus on providing remote support to clients across our…"
7,Today,Junior .NET Developer,Adaptivestack Technologies Inc.,,"$60,000 - $80,000 a year","NET Developer must be able to create logical and functional software code in a variety of languages.NET Developer designs, modifies, develops, writes and…"
8,1 day ago,Junior Quantitative Developer,Sei,Estimated $80.5K – $102K a year,,Contribute to software architecture decisions.Experience implementing or using automated QA tools as part of the software development process is a plus.
9,Today,".NET Software Engineer, Junior",Booz Allen Hamilton,Estimated $74K – $93.8K a year,,We’re looking for a developer with an appetite to learn and the skills needed to build Full Stack .We need a full-stack developer who will use their passion to…
10,1 day ago,Jr. Full Stack Java Developer (100% Remote),Piper Companies,,"$100,000 - $110,000 a year","1 year of software experience, both front and back end development experience.Zachary Piper Solutions is looking for Full Stack Java Developers of all levels…"
11,Today,Digital Products - Junior Developer,PRICE WATERHOUSE COOPERS,Estimated $116K – $147K a year,,"Our skilled technologists, data scientists, product managers and business strategists are passionate about using technology to accelerate change."
12,Just posted,Jr. Java Developer w/ Investment Banking domain exp. *REMOTE...,Imcs Group,,$45 - $55 an hour,"5-7 years Java Dev exp.Investment banking experience, strong Core Java, SQL, and Spring with Unix.Job Types: Full-time, Contract."
13,Today,Remote Eligible - Junior Software Engineer,"General Dynamics Mission Systems, Inc",Estimated $84.8K – $107K a year,,"Assist in software requirements analysis, design, development and testing for software enhancements and new products.Appreciation for user-centric design."
14,1 day ago,Software Engineer - Remote,UnitedHealth Group,,,"This is a junior level developer position that will require you to focus on design, coding, testing/debugging and maintenance of main applications."
15,Today,Junior SQL Database Developer,"Jefferson Capital Systems, LLC",,"$50,000 - $70,000 a year",Experience working in agile software development environments preferred.Write and maintain software and process documentation.401(k) with company matching.
16,1 day ago,Junior Developer,i3 Verticals,,,Provides general support on software applications.The Junior Developer will handle basic issues and provide general support on our proprietary software…
17,Just posted,Junior .Net Developer,Boostability,,,Boostability is looking for a Junior Software Developer who loves technology and takes pride in creating good code.Good understanding of the Microsoft .
18,Today,C# Developer - Junior,Candid8,,$35 - $45 an hour,"Ability to quickly learn new concepts and software is necessary.Strong familiarities with software development methodologies (Agile, Test driven development)…"
19,Today,Junior Developer,Stage Front Tickets Inc,,"$65,000 - $80,000 a year","Experience with version control software (Git, GitHub).Stage Front is a leader in the event ticket sales industry, building tools and creating services to…"
20,Just posted,Jr. Website Developer,Northern Web Development LLC,,$10 - $14 an hour,Create and maintain team tool and software documentation.You do at time interact with clients by email and phone and must be able to provide superior client…
21,Today,".NET Software Engineer, Junior",Booz Allen Hamilton,,,We’re looking for a developer with an appetite to learn and the skills needed to build Full Stack .We need a full-stack developer who will use their passion to…
22,Today,Digital Products - Junior Developer,PRICE WATERHOUSE COOPERS,,,"Our skilled technologists, data scientists, product managers and business strategists are passionate about using technology to accelerate change."
23,1 day ago,Junior Java Developer || REMOTE ||Only OPT and EADs,Valsatech Corp,,$30 - $35 an hour,This is regarding to a position of a Java Developer.Title: Java Developer with Angular.JS*.Bachelor’s Degree in Computer Science or related field.
24,1 day ago,Jr. Full Stack Java Developer (100% Remote),Piper Companies,,"$100,000 - $110,000 a year","1 year of software experience, both front and back end development experience.Zachary Piper Solutions is looking for Full Stack Java Developers of all levels…"
25,1 day ago,"DevOps Engineer, Junior",Booz Allen Hamilton,,,You’ll work with the team to implement continuous integration and delivery to limit manual testing and troubleshooting.Ability to obtain a security clearance.
26,Today,Junior .NET Developer,Adaptivestack Technologies Inc.,,"$60,000 - $80,000 a year","NET Developer must be able to create logical and functional software code in a variety of languages.NET Developer designs, modifies, develops, writes and…"
27,1 day ago,Junior Quantitative Developer,Sei,,,Contribute to software architecture decisions.Experience implementing or using automated QA tools as part of the software development process is a plus.
28,Just posted,Junior Software Support Engineer,Spillover Software Group,,"$40,000 - $45,000 a year","Familiarity with help desk and remote support software (eg. Zoho Desk, Zoho Assist).The role will focus on providing remote support to clients across our…"
29,Just posted,Jr. Java Developer w/ Investment Banking domain exp. *REMOTE...,Imcs Group,,$45 - $55 an hour,"5-7 years Java Dev exp.Investment banking experience, strong Core Java, SQL, and Spring with Unix.Job Types: Full-time, Contract."
30,Just posted,Junior .Net Developer,Boostability,,,Boostability is looking for a Junior Software Developer who loves technology and takes pride in creating good code.Good understanding of the Microsoft .
31,1 day ago,Junior Developer,i3 Verticals,,,Provides general support on software applications.The Junior Developer will handle basic issues and provide general support on our proprietary software…
32,Today,Junior SQL Database Developer,"Jefferson Capital Systems, LLC",,"$50,000 - $70,000 a year",Experience working in agile software development environments preferred.Write and maintain software and process documentation.401(k) with company matching.
33,Today,Junior Developer,Stage Front Tickets Inc,,"$65,000 - $80,000 a year","Experience with version control software (Git, GitHub).Stage Front is a leader in the event ticket sales industry, building tools and creating services to…"
34,Just posted,Jr. Website Developer,Northern Web Development LLC,,$10 - $14 an hour,Create and maintain team tool and software documentation.You do at time interact with clients by email and phone and must be able to provide superior client…
35,Today,C# Developer - Junior,Candid8,,$35 - $45 an hour,"Ability to quickly learn new concepts and software is necessary.Strong familiarities with software development methodologies (Agile, Test driven development)…"
36,Just posted,Junior Software Support Engineer,Spillover Software Group,,"$40,000 - $45,000 a year","Familiarity with help desk and remote support software (eg. Zoho Desk, Zoho Assist).The role will focus on providing remote support to clients across our…"
37,Today,Junior .NET Developer,Adaptivestack Technologies Inc.,,"$60,000 - $80,000 a year","NET Developer must be able to create logical and functional software code in a variety of languages.NET Developer designs, modifies, develops, writes and…"
38,1 day ago,Junior Quantitative Developer,Sei,,,Contribute to software architecture decisions.Experience implementing or using automated QA tools as part of the software development process is a plus.
39,Today,".NET Software Engineer, Junior",Booz Allen Hamilton,,,We’re looking for a developer with an appetite to learn and the skills needed to build Full Stack .We need a full-stack developer who will use their passion to…
40,1 day ago,Jr. Full Stack Java Developer (100% Remote),Piper Companies,,"$100,000 - $110,000 a year","1 year of software experience, both front and back end development experience.Zachary Piper Solutions is looking for Full Stack Java Developers of all levels…"
41,Today,Digital Products - Junior Developer,PRICE WATERHOUSE COOPERS,,,"Our skilled technologists, data scientists, product managers and business strategists are passionate about using technology to accelerate change."
42,Just posted,Jr. Java Developer w/ Investment Banking domain exp. *REMOTE...,Imcs Group,,$45 - $55 an hour,"5-7 years Java Dev exp.Investment banking experience, strong Core Java, SQL, and Spring with Unix.Job Types: Full-time, Contract."
43,Today,Remote Eligible - Junior Software Engineer,"General Dynamics Mission Systems, Inc",,,"Assist in software requirements analysis, design, development and testing for software enhancements and new products.Appreciation for user-centric design."
44,1 day ago,Software Engineer - Remote,UnitedHealth Group,,,"This is a junior level developer position that will require you to focus on design, coding, testing/debugging and maintenance of main applications."
45,Today,Junior SQL Database Developer,"Jefferson Capital Systems, LLC",,"$50,000 - $70,000 a year",Experience working in agile software development environments preferred.Write and maintain software and process documentation.401(k) with company matching.
46,1 day ago,Junior Developer,i3 Verticals,Estimated $69.6K – $88.2K a year,,Provides general support on software applications.The Junior Developer will handle basic issues and provide general support on our proprietary software…
47,Just posted,Junior .Net Developer,Boostability,Estimated $86.6K – $110K a year,,Boostability is looking for a Junior Software Developer who loves technology and takes pride in creating good code.Good understanding of the Microsoft .
48,Today,C# Developer - Junior,Candid8,,$35 - $45 an hour,"Ability to quickly learn new concepts and software is necessary.Strong familiarities with software development methodologies (Agile, Test driven development)…"
49,Today,Junior Developer,Stage Front Tickets Inc,,"$65,000 - $80,000 a year","Experience with version control software (Git, GitHub).Stage Front is a leader in the event ticket sales industry, building tools and creating services to…"
50,Just posted,Jr. Website Developer,Northern Web Development LLC,,$10 - $14 an hour,Create and maintain team tool and software documentation.You do at time interact with clients by email and phone and must be able to provide superior client…
51,Today,".NET Software Engineer, Junior",Booz Allen Hamilton,Estimated $74K – $93.8K a year,,We’re looking for a developer with an appetite to learn and the skills needed to build Full Stack .We need a full-stack developer who will use their passion to…
52,Today,Digital Products - Junior Developer,PRICE WATERHOUSE COOPERS,Estimated $116K – $147K a year,,"Our skilled technologists, data scientists, product managers and business strategists are passionate about using technology to accelerate change."
53,1 day ago,Junior Java Developer || REMOTE ||Only OPT and EADs,Valsatech Corp,,$30 - $35 an hour,This is regarding to a position of a Java Developer.Title: Java Developer with Angular.JS*.Bachelor’s Degree in Computer Science or related field.
54,1 day ago,Jr. Full Stack Java Developer (100% Remote),Piper Companies,,"$100,000 - $110,000 a year","1 year of software experience, both front and back end development experience.Zachary Piper Solutions is looking for Full Stack Java Developers of all levels…"
55,1 day ago,"DevOps Engineer, Junior",Booz Allen Hamilton,Estimated $88.2K – $112K a year,,You’ll work with the team to implement continuous integration and delivery to limit manual testing and troubleshooting.Ability to obtain a security clearance.
56,Just posted,Junior Software Support Engineer,Spillover Software Group,,"$40,000 - $45,000 a year","Familiarity with help desk and remote support software (eg. Zoho Desk, Zoho Assist).The role will focus on providing remote support to clients across our…"
57,1 day ago,Junior Quantitative Developer,Sei,Estimated $80.5K – $102K a year,,Contribute to software architecture decisions.Experience implementing or using automated QA tools as part of the software development process is a plus.
58,Today,Junior .NET Developer,Adaptivestack Technologies Inc.,,"$60,000 - $80,000 a year","NET Developer must be able to create logical and functional software code in a variety of languages.NET Developer designs, modifies, develops, writes and…"
59,Just posted,Jr. Java Developer w/ Investment Banking domain exp. *REMOTE...,Imcs Group,,$45 - $55 an hour,"5-7 years Java Dev exp.Investment banking experience, strong Core Java, SQL, and Spring with Unix.Job Types: Full-time, Contract."
